sizes,p1_difficult,p2_difficult,player_winner,total_plays,total_time,p1_medium_time_play,p1_medium_time_play_catch,p2_medium_time_play,p2_medium_time_play_catch
7,1,0,Player 2,50,4.649733304977417,0.22285350561141967,0.015957653522491455,0.22285350561141967,0.015957653522491455
7,0,1,Player 1,49,2.621744394302368,0.010188579559326172,0.0005993127822875976,0.010188579559326172,0.0005993127822875976
