sizes,p1_difficult,p2_difficult,player_winner,total_plays,total_time,p1_medium_time_play,p1_medium_time_play_catch,p2_medium_time_play,p2_medium_time_play_catch
6,3,0,Player 1,45,78.10975313186646,6.915330279957164,0.28991607824961346,0.005992797704843374,0.0009990533192952473
6,1,2,Player 2,30,7.334670066833496,0.050116121768951416,0.00463634729385376,1.629217227300008,0.1501267221238878
6,2,0,Player 2,48,70.69664692878723,3.491961181163788,0.2573987642923991,0.006067732969919841,0.00103759765625
6,0,1,Player 1,37,0.7529685497283936,0.0074105603354317805,0.0007114648818969726,0.05547227462132772,0.00682222843170166
