sizes,p1_difficult,p2_difficult,player_winner,total_plays,total_time,p1_medium_time_play,p1_medium_time_play_catch,p2_medium_time_play,p2_medium_time_play_catch
5,5,5,Player 2,32,17.41624116897583,1.0471491596915505,0.09990334510803223,0.6848860085010529,0.034367036819458005
5,5,5,Player 2,32,18.522720098495483,1.0909809415990657,0.10938882827758789,0.7642987668514252,0.03123898506164551
5,5,5,Player 2,32,17.838278770446777,1.064207445491444,0.11125504970550537,0.7082337439060211,0.03533916473388672
5,5,5,Player 2,32,21.884119033813477,1.2718112468719482,0.1960843801498413,0.8934232592582703,0.05178918838500977
5,5,5,Player 2,32,29.110912799835205,1.7474694902246648,0.19850051403045654,1.1453745067119598,0.05578579902648926
