sizes,p1_difficult,p2_difficult,player_winner,total_plays,total_time,p1_medium_time_play,p1_medium_time_play_catch,p2_medium_time_play,p2_medium_time_play_catch
6,2,0,Player 2,48,70.20718836784363,3.4671136856079103,0.2611636320749919,0.005958120028177897,0.0006020285866477273
6,2,0,Player 2,48,68.75813961029053,3.3966975569725038,0.24643143018086752,0.006093998750050862,0.0008880875327370384
